﻿<?xml version="1.0" encoding="utf-8"?>
<Elements xmlns="http://schemas.microsoft.com/sharepoint/">
  <Module Name="UserLandingPages">
    <File Path="UserLandingPages\LandingPageTemplate.aspx" Url="UserLandingPages/LandingPageTemplate.aspx" />
  </Module>
  <Module Name="UserLandingPages"
          Url="Libraries/LandingPages"
          Path="UserLandingPages">

    <!--######################################## Manager Home Start #########################################################-->
    <File Url="LandingPageTemplate.aspx"
          Name="ManagerHome.aspx"
          Type="Ghostable">

      <AllUsersWebPart WebPartZoneID="WebPartZone_CenterMain" WebPartOrder="1">
        <![CDATA[
        
        <webParts>
        <webPart xmlns="http://schemas.microsoft.com/WebPart/v3">
        <metaData>
          <type name="Microsoft.SharePoint.Portal.WebControls.UserContextFilterWebPart , Microsoft.Office.Server.FilterControls, Version=14.0.0.0, Culture=neutral, PublicKeyToken=71e9bce111e9429c" />
          <importErrorMessage>Cannot import this Web Part.</importErrorMessage>
        </metaData>
        <data>
          <properties>
            <property name="FilterName" type="string">Text Filter</property>
            <property name="HelpUrl" type="string" />
            <property name="AllowClose" type="bool">True</property>
            <property name="ExportMode" type="exportmode">All</property>
            <property name="Hidden" type="bool">False</property>
            <property name="DefaultValue" type="string" />
            <property name="AllowEdit" type="bool">True</property>
            <property name="FilterMainControlWidthPixels" type="string">0</property>
            <property name="Direction" type="direction">NotSet</property>
            <property name="TitleIconImageUrl" type="string">/_layouts/images/wp_Filter.gif</property>
            <property name="AllowConnect" type="bool">True</property>
            <property name="MissingAssembly" type="string">Cannot import this Web Part.</property>
            <property name="AllowHide" type="bool">True</property>
            <property name="Description" type="string">Filters the contents of Web Parts by allowing users to enter a text value.</property>
            <property name="CatalogIconImageUrl" type="string">/_layouts/images/wp_Filter.gif</property>
            <property name="HelpMode" type="helpmode">Modeless</property>
            <property name="AllowMinimize" type="bool">True</property>
            <property name="MaximumCharacters" type="int">255</property>
            <property name="Height" type="string" />
            <property name="ChromeType" type="chrometype">None</property>
            <property name="Width" type="string" />
            <property name="RequireSelection" type="bool">False</property>
            <property name="Title" type="string">Text Filter</property>
            <property name="AllowZoneChange" type="bool">True</property>
            <property name="ChromeState" type="chromestate">Normal</property>
            <property name="TitleUrl" type="string" />
            <property name="ValueKind" type="string">ProfileValue</property>
            <property name="ProfilePropertyName" type="string">nylACF2</property>
          </properties>
        </data>
      </webPart>
     </webParts>

        
        ]]>
      </AllUsersWebPart>

    </File>
    <!--######################################## Manager Home End #########################################################-->

    <!--######################################## Agent Home Start #########################################################-->
    <File Url="LandingPageTemplate.aspx"
          Name="AgentHome.aspx"
          Type="Ghostable">

      <AllUsersWebPart WebPartZoneID="WebPartZone_CenterMain" WebPartOrder="1">
        <![CDATA[
        
        <webParts>
        <webPart xmlns="http://schemas.microsoft.com/WebPart/v3">
        <metaData>
          <type name="Microsoft.SharePoint.Portal.WebControls.UserContextFilterWebPart, Microsoft.Office.Server.FilterControls, Version=14.0.0.0, Culture=neutral, PublicKeyToken=71e9bce111e9429c" />
          <importErrorMessage>Cannot import this Web Part.</importErrorMessage>
        </metaData>
        <data>
          <properties>
            <property name="FilterName" type="string">Text Filter</property>
            <property name="HelpUrl" type="string" />
            <property name="AllowClose" type="bool">True</property>
            <property name="ExportMode" type="exportmode">All</property>
            <property name="Hidden" type="bool">False</property>
            <property name="DefaultValue" type="string" />
            <property name="AllowEdit" type="bool">True</property>
            <property name="FilterMainControlWidthPixels" type="string">0</property>
            <property name="Direction" type="direction">NotSet</property>
            <property name="TitleIconImageUrl" type="string">/_layouts/images/wp_Filter.gif</property>
            <property name="AllowConnect" type="bool">True</property>
            <property name="MissingAssembly" type="string">Cannot import this Web Part.</property>
            <property name="AllowHide" type="bool">True</property>
            <property name="Description" type="string">Filters the contents of Web Parts by allowing users to enter a text value.</property>
            <property name="CatalogIconImageUrl" type="string">/_layouts/images/wp_Filter.gif</property>
            <property name="HelpMode" type="helpmode">Modeless</property>
            <property name="AllowMinimize" type="bool">True</property>
            <property name="MaximumCharacters" type="int">255</property>
            <property name="Height" type="string" />
            <property name="ChromeType" type="chrometype">None</property>
            <property name="Width" type="string" />
            <property name="RequireSelection" type="bool">False</property>
            <property name="Title" type="string">Text Filter</property>
            <property name="AllowZoneChange" type="bool">True</property>
            <property name="ChromeState" type="chromestate">Normal</property>
            <property name="TitleUrl" type="string" />  
            <property name="ValueKind" type="string">ProfileValue</property>
            <property name="ProfilePropertyName" type="string">nylACF2</property>
          </properties>
        </data>
      </webPart>
     </webParts>

        
        ]]>
      </AllUsersWebPart>
    </File>
    <!--######################################## Agent Home End #########################################################-->

    <!--######################################## WFM Staff Home Start #########################################################-->
    <File Url="LandingPageTemplate.aspx"
          Name="WFMStaffHome.aspx"
          Type="Ghostable">

      <!--<AllUsersWebPart WebPartZoneID="WebPartZone_CenterMain" WebPartOrder="1">
        <![CDATA[
        
        <webParts>
        <webPart xmlns="http://schemas.microsoft.com/WebPart/v3">
        <metaData>
          <type name="Microsoft.SharePoint.Portal.WebControls.SPSlicerTextWebPart, Microsoft.Office.Server.FilterControls, Version=14.0.0.0, Culture=neutral, PublicKeyToken=71e9bce111e9429c" />
          <importErrorMessage>Cannot import this Web Part.</importErrorMessage>
        </metaData>
        <data>
          <properties>
            <property name="FilterName" type="string">Text Filter</property>
            <property name="HelpUrl" type="string" />
            <property name="AllowClose" type="bool">True</property>
            <property name="ExportMode" type="exportmode">All</property>
            <property name="Hidden" type="bool">False</property>
            <property name="DefaultValue" type="string" />
            <property name="AllowEdit" type="bool">True</property>
            <property name="FilterMainControlWidthPixels" type="string">0</property>
            <property name="Direction" type="direction">NotSet</property>
            <property name="TitleIconImageUrl" type="string">/_layouts/images/wp_Filter.gif</property>
            <property name="AllowConnect" type="bool">True</property>
            <property name="MissingAssembly" type="string">Cannot import this Web Part.</property>
            <property name="AllowHide" type="bool">True</property>
            <property name="Description" type="string">Filters the contents of Web Parts by allowing users to enter a text value.</property>
            <property name="CatalogIconImageUrl" type="string">/_layouts/images/wp_Filter.gif</property>
            <property name="HelpMode" type="helpmode">Modeless</property>
            <property name="AllowMinimize" type="bool">True</property>
            <property name="MaximumCharacters" type="int">255</property>
            <property name="Height" type="string" />
            <property name="ChromeType" type="chrometype">None</property>
            <property name="Width" type="string" />
            <property name="RequireSelection" type="bool">False</property>
            <property name="Title" type="string">Text Filter</property>
            <property name="AllowZoneChange" type="bool">True</property>
            <property name="ChromeState" type="chromestate">Normal</property>
            <property name="TitleUrl" type="string" />
          </properties>
        </data>
      </webPart>
  </webParts>

        
        ]]>
      </AllUsersWebPart>-->


    </File>
    <!--######################################## WFM Staff Home End #########################################################-->
  </Module>
</Elements>