﻿<?xml version="1.0" encoding="utf-8"?>
<Elements xmlns="http://schemas.microsoft.com/sharepoint/">
  <ListInstance Title="TicketStatusType"
                OnQuickLaunch="FALSE"
                TemplateType="10005"
                Url="Lists/TicketStatusType"
                Description="">
    <Data>
      <Rows>
        <Row>
          <Field Name="Title">Open</Field>
          <Field Name="Active">1</Field>
        </Row>
        <Row>
          <Field Name="Title">Approved</Field>
          <Field Name="Active">1</Field>
        </Row>
        <Row>
          <Field Name="Title">Denied</Field>
          <Field Name="Active">1</Field>
        </Row>
      </Rows>
    </Data>
  </ListInstance>
</Elements>
