﻿<List Title="WFMUsers" Direction="none" Url="Lists/WFMUsers" BaseType="0" Type="600" MultipleDataList="FALSE" DontSaveInTemplate="TRUE" DisableGridEditing="TRUE" NoCrawl="TRUE" DisallowContentTypes="TRUE" BrowserFileHandling="permissive" FolderCreation="FALSE" DisableAttachments="TRUE" Catalog="FALSE" SendToLocation="|" ImageUrl="/_layouts/images/itebl.png" xmlns:ows="Microsoft SharePoint" xmlns:spctf="http://schemas.microsoft.com/sharepoint/v3/contenttype/forms" xmlns="http://schemas.microsoft.com/sharepoint/">
  <MetaData>
    <ContentTypes>
      <ContentType ID="0x01" Name="Item" Group="List Content Types" Description="Create a new list item." FeatureId="{695b6570-a48b-4a8e-8ea5-26ea7fc1d162}">
        <Folder TargetName="Item" />
        <FieldRefs>
          <FieldRef ID="{c042a256-787d-4a6f-8a8a-cf6ab767f12d}" Name="ContentType" />
          <FieldRef ID="{fa564e0f-0c70-4ab9-b863-0177e6ddd247}" Name="Title" Required="TRUE" ShowInNewForm="TRUE" ShowInEditForm="TRUE" />
        </FieldRefs>
        <XmlDocuments>
          <XmlDocument NamespaceURI="http://schemas.microsoft.com/sharepoint/v3/contenttype/forms">
            <FormTemplates xmlns="http://schemas.microsoft.com/sharepoint/v3/contenttype/forms">
              <Display>ListForm</Display>
              <Edit>ListForm</Edit>
              <New>ListForm</New>
            </FormTemplates>
          </XmlDocument>
        </XmlDocuments>
      </ContentType>
    </ContentTypes>
    <Fields>
      <Field DisplayName="BDC Identity" Hidden="FALSE" Name="BdcIdentity" SourceID="http://schemas.microsoft.com/sharepoint/v3" StaticName="BdcIdentity" Type="Text" />
      <Field DisplayName="UserID" Hidden="TRUE" Name="UserID" SourceID="http://schemas.microsoft.com/sharepoint/v3" StaticName="UserID" Type="Guid" />
      <Field DisplayName="ACF2ID" Hidden="FALSE" Name="ACF2ID" SourceID="http://schemas.microsoft.com/sharepoint/v3" StaticName="ACF2ID" Type="Text" />
      <Field DisplayName="UCCEID" Hidden="FALSE" Name="UCCEID" SourceID="http://schemas.microsoft.com/sharepoint/v3" StaticName="UCCEID" Type="Text" />
      <Field DisplayName="LastName" Hidden="FALSE" Name="LastName" SourceID="http://schemas.microsoft.com/sharepoint/v3" StaticName="LastName" Type="Text" />
      <Field DisplayName="FirstName" Hidden="FALSE" Name="FirstName" SourceID="http://schemas.microsoft.com/sharepoint/v3" StaticName="FirstName" Type="Text" />
      <Field DisplayName="Department" Hidden="FALSE" Name="Department" SourceID="http://schemas.microsoft.com/sharepoint/v3" StaticName="Department" Type="Text" />
      <Field DisplayName="EmailAddr" Hidden="FALSE" Name="EmailAddr" SourceID="http://schemas.microsoft.com/sharepoint/v3" StaticName="EmailAddr" Type="Text" />
      <Field DisplayName="AgentName" Hidden="FALSE" Name="AgentName" SourceID="http://schemas.microsoft.com/sharepoint/v3" StaticName="AgentName" Type="Text" />
      <Field DisplayName="NYLUID" Hidden="FALSE" Name="NYLUID" SourceID="http://schemas.microsoft.com/sharepoint/v3" StaticName="NYLUID" Type="Text" />
      <Field DisplayName="NYLID" Hidden="FALSE" Name="NYLID" SourceID="http://schemas.microsoft.com/sharepoint/v3" StaticName="NYLID" Type="Text" />
      <Field DisplayName="RoleName" Hidden="FALSE" Name="RoleName" SourceID="http://schemas.microsoft.com/sharepoint/v3" StaticName="RoleName" Type="Text" />
      <Field DisplayName="ManagerACF2ID" Hidden="FALSE" Name="ManagerACF2ID" SourceID="http://schemas.microsoft.com/sharepoint/v3" StaticName="ManagerACF2ID" Type="Text" />
      <Field DisplayName="ManagerUCCEID" Hidden="FALSE" Name="ManagerUCCEID" SourceID="http://schemas.microsoft.com/sharepoint/v3" StaticName="ManagerUCCEID" Type="Text" />
      <Field DisplayName="ManagerLastName" Hidden="FALSE" Name="ManagerLastName" SourceID="http://schemas.microsoft.com/sharepoint/v3" StaticName="ManagerLastName" Type="Text" />
      <Field DisplayName="ManagerFirstName" Hidden="FALSE" Name="ManagerFirstName" SourceID="http://schemas.microsoft.com/sharepoint/v3" StaticName="ManagerFirstName" Type="Text" />
      <Field DisplayName="ManagerDepartment" Hidden="FALSE" Name="ManagerDepartment" SourceID="http://schemas.microsoft.com/sharepoint/v3" StaticName="ManagerDepartment" Type="Text" />
      <Field DisplayName="ManagerEmailAddr" Hidden="FALSE" Name="ManagerEmailAddr" SourceID="http://schemas.microsoft.com/sharepoint/v3" StaticName="ManagerEmailAddr" Type="Text" />
      <Field DisplayName="ManagerName" Hidden="FALSE" Name="ManagerName" SourceID="http://schemas.microsoft.com/sharepoint/v3" StaticName="ManagerName" Type="Text" />
      <Field DisplayName="ManagerNYLUID" Hidden="FALSE" Name="ManagerNYLUID" SourceID="http://schemas.microsoft.com/sharepoint/v3" StaticName="ManagerNYLUID" Type="Text" />
      <Field DisplayName="ManagerNYLID" Hidden="FALSE" Name="ManagerNYLID" SourceID="http://schemas.microsoft.com/sharepoint/v3" StaticName="ManagerNYLID" Type="Text" />
      <Field DisplayName="IsManager" Hidden="FALSE" Name="IsManager" SourceID="http://schemas.microsoft.com/sharepoint/v3" StaticName="IsManager" Type="Boolean" />
      <Field DisplayName="IsAgent" Hidden="FALSE" Name="IsAgent" SourceID="http://schemas.microsoft.com/sharepoint/v3" StaticName="IsAgent" Type="Integer" />
      <Field DisplayName="IsWfmStaff" Hidden="FALSE" Name="IsWfmStaff" SourceID="http://schemas.microsoft.com/sharepoint/v3" StaticName="IsWfmStaff" Type="Integer" />
    </Fields>
    <Forms />
    <Views>
      <View DisplayName="ECT_WFMUsers Read List" DefaultView="TRUE" BaseViewID="1" Type="HTML" MobileView="TRUE" MobileDefaultView="TRUE" ImageUrl="/_layouts/images/generic.png" XslLink="main.xsl" WebPartZoneID="Main" WebPartOrder="0" Url="GetWFMALLUsers.aspx" SetupPath="pages\viewpage.aspx">
        <XslLink>main.xsl</XslLink>
        <Method Name="GetWFMALLUsers" />
        <Query>
          <OrderBy>
            <FieldRef Name="ACF2ID" />
          </OrderBy>
        </Query>
        <ViewFields>
          <FieldRef Name="ACF2ID" ListItemMenu="TRUE" LinkToItem="TRUE" />
          <FieldRef Name="UCCEID" />
          <FieldRef Name="LastName" />
          <FieldRef Name="FirstName" />
          <FieldRef Name="Department" />
          <FieldRef Name="EmailAddr" />
          <FieldRef Name="AgentName" />
          <FieldRef Name="NYLUID" />
          <FieldRef Name="NYLID" />
          <FieldRef Name="RoleName" />
          <FieldRef Name="ManagerACF2ID" />
          <FieldRef Name="ManagerUCCEID" />
          <FieldRef Name="ManagerLastName" />
          <FieldRef Name="ManagerFirstName" />
          <FieldRef Name="ManagerDepartment" />
          <FieldRef Name="ManagerEmailAddr" />
          <FieldRef Name="ManagerName" />
          <FieldRef Name="ManagerNYLUID" />
          <FieldRef Name="ManagerNYLID" />
          <FieldRef Name="IsManager" />
          <FieldRef Name="IsAgent" />
          <FieldRef Name="IsWfmStaff" />
        </ViewFields>
        <RowLimit Paged="TRUE">30</RowLimit>
        <Aggregations Value="Off" />
      </View>
      <View DisplayName="AllManagers" BaseViewID="1" Type="HTML" MobileView="TRUE" ImageUrl="/_layouts/images/generic.png" XslLink="main.xsl" WebPartZoneID="Main" WebPartOrder="1" Url="AllManagers.aspx" SetupPath="pages\viewpage.aspx">
        <XslLink>main.xsl</XslLink>
        <Method Name="GetWFMALLUsers">
          <Filter Name="UserType" Value="3" />
        </Method>
        <Query />
        <ViewFields>
          <FieldRef Name="ACF2ID" />
          <FieldRef Name="UCCEID" />
          <FieldRef Name="LastName" />
          <FieldRef Name="FirstName" />
          <FieldRef Name="Department" />
          <FieldRef Name="EmailAddr" />
          <FieldRef Name="AgentName" />
          <FieldRef Name="NYLUID" />
          <FieldRef Name="NYLID" />
          <FieldRef Name="RoleName" />
          <FieldRef Name="ManagerACF2ID" />
          <FieldRef Name="ManagerUCCEID" />
          <FieldRef Name="ManagerLastName" />
          <FieldRef Name="ManagerFirstName" />
          <FieldRef Name="ManagerDepartment" />
          <FieldRef Name="ManagerEmailAddr" />
          <FieldRef Name="ManagerName" />
          <FieldRef Name="ManagerNYLUID" />
          <FieldRef Name="ManagerNYLID" />
          <FieldRef Name="IsManager" />
          <FieldRef Name="IsAgent" />
          <FieldRef Name="IsWfmStaff" />
        </ViewFields>
        <RowLimit Paged="TRUE">30</RowLimit>
        <Aggregations Value="Off" />
      </View>
      <View DisplayName="AllAgents" BaseViewID="1" Type="HTML" MobileView="TRUE" ImageUrl="/_layouts/images/generic.png" XslLink="main.xsl" WebPartZoneID="Main" WebPartOrder="1" Url="AllAgents.aspx" SetupPath="pages\viewpage.aspx">
        <XslLink>main.xsl</XslLink>
        <Method Name="GetWFMALLUsers">
          <Filter Name="UserType" Value="1" />
        </Method>
        <Query />
        <ViewFields>
          <FieldRef Name="ACF2ID" />
          <FieldRef Name="UCCEID" />
          <FieldRef Name="LastName" />
          <FieldRef Name="FirstName" />
          <FieldRef Name="Department" />
          <FieldRef Name="EmailAddr" />
          <FieldRef Name="AgentName" />
          <FieldRef Name="NYLUID" />
          <FieldRef Name="NYLID" />
          <FieldRef Name="RoleName" />
          <FieldRef Name="ManagerACF2ID" />
          <FieldRef Name="ManagerUCCEID" />
          <FieldRef Name="ManagerLastName" />
          <FieldRef Name="ManagerFirstName" />
          <FieldRef Name="ManagerDepartment" />
          <FieldRef Name="ManagerEmailAddr" />
          <FieldRef Name="ManagerName" />
          <FieldRef Name="ManagerNYLUID" />
          <FieldRef Name="ManagerNYLID" />
          <FieldRef Name="IsManager" />
          <FieldRef Name="IsAgent" />
          <FieldRef Name="IsWfmStaff" />
        </ViewFields>
        <RowLimit Paged="TRUE">30</RowLimit>
        <Aggregations Value="Off" />
      </View>
      <View DisplayName="AllWfmStaff" BaseViewID="1" Type="HTML" MobileView="TRUE" ImageUrl="/_layouts/images/generic.png" XslLink="main.xsl" WebPartZoneID="Main" WebPartOrder="1" Url="AllWfmStaff.aspx" SetupPath="pages\viewpage.aspx">
        <XslLink>main.xsl</XslLink>
        <Method Name="GetWFMALLUsers">
          <Filter Name="UserType" Value="2" />
        </Method>
        <Query />
        <ViewFields>
          <FieldRef Name="ACF2ID" />
          <FieldRef Name="UCCEID" />
          <FieldRef Name="LastName" />
          <FieldRef Name="FirstName" />
          <FieldRef Name="Department" />
          <FieldRef Name="EmailAddr" />
          <FieldRef Name="AgentName" />
          <FieldRef Name="NYLUID" />
          <FieldRef Name="NYLID" />
          <FieldRef Name="RoleName" />
          <FieldRef Name="ManagerACF2ID" />
          <FieldRef Name="ManagerUCCEID" />
          <FieldRef Name="ManagerLastName" />
          <FieldRef Name="ManagerFirstName" />
          <FieldRef Name="ManagerDepartment" />
          <FieldRef Name="ManagerEmailAddr" />
          <FieldRef Name="ManagerName" />
          <FieldRef Name="ManagerNYLUID" />
          <FieldRef Name="ManagerNYLID" />
          <FieldRef Name="IsManager" />
          <FieldRef Name="IsAgent" />
          <FieldRef Name="IsWfmStaff" />
        </ViewFields>
        <RowLimit Paged="TRUE">30</RowLimit>
        <Aggregations Value="Off" />
      </View>
    </Views>
  </MetaData>
</List>