﻿<?xml version="1.0" encoding="utf-8"?>
<Elements xmlns="http://schemas.microsoft.com/sharepoint/">
  <ListInstance Title="RequestCategory"
                OnQuickLaunch="FALSE"
                TemplateType="10000"
                Url="Lists/RequestCategory"
                Description="WFM Request Category">
    <Data>
      <Rows>
        <Row>
          <Field Name="Title">Scheduled Time off</Field>
        </Row>
        <Row>
          <Field Name="Title">Schedule Swaps</Field>
        </Row>
        <Row>
          <Field Name="Title">Schedule Change Request</Field>
        </Row>
        <Row>
          <Field Name="Title">Overtime</Field>
        </Row>
      </Rows>
    </Data>
  </ListInstance>
</Elements>
