﻿<?xml version="1.0" encoding="utf-8"?>
<Elements xmlns="http://schemas.microsoft.com/sharepoint/">
  <ListInstance TemplateType="600" Title="WFMUsers" Description="" Url="Lists/WFMUsers" HyperlinkBaseUrl="http://isodev4.apps.newyorklife.com/sites/Wfm101" RootWebOnly="FALSE" xmlns="http://schemas.microsoft.com/sharepoint/">
    <DataSource>
      <Property Name="LobSystemInstance" Value="WFM" />
      <Property Name="EntityNamespace" Value="http://isodev4.apps.newyorklife.com/" />
      <Property Name="Entity" Value="ECT_WFMUsers" />
      <Property Name="SpecificFinder" Value="GetUserByID" />
    </DataSource>
  </ListInstance>
</Elements>