﻿<?xml version="1.0" encoding="utf-8"?>
<Elements xmlns="http://schemas.microsoft.com/sharepoint/">
  <ListInstance Title="Configuration Settings List"
                OnQuickLaunch="FALSE"
                TemplateType="10004"
                Url="Lists/ConfigSettings"
                Description="WFM Configuration Settings">
    <Data>
      <Rows>
        <Row>
          <Field Name="SettingKey">SiteUrl</Field>
          <Field Name="SettingValue">http://isodev4.apps.newyorklife.com/conf/WFM/</Field>
          <Field Name="SettingEnvironment">iso</Field>
          <Field Name="ID">1</Field>

        </Row>
        <Row>
          <Field Name="SettingKey">SiteUrl</Field>
          <Field Name="SettingValue">https://dev.apps.newyorklife.com/conf/WFM/</Field>
          <Field Name="SettingEnvironment">dev</Field>
          <Field Name="ID">2</Field>

        </Row>
        <Row>
          <Field Name="SettingKey">SiteUrl</Field>
          <Field Name="SettingValue">https://mdl.apps.newyorklife.com/conf/WFM/</Field>
          <Field Name="SettingEnvironment">mdl</Field>
          <Field Name="ID">3</Field>

        </Row>
        <Row>
          <Field Name="SettingKey">SiteUrl</Field>
          <Field Name="SettingValue">https://www.apps.newyorklife.com/conf/WFM/</Field>
          <Field Name="SettingEnvironment">prod</Field>
          <Field Name="ID">4</Field>

        </Row>
        <Row>
          <Field Name="SettingKey">UserPrefix</Field>
          <Field Name="SettingValue">i:0ǻ.t|siteminder nyluid|</Field>
          <Field Name="SettingEnvironment">iso</Field>
          <Field Name="ID">5</Field>

        </Row>
        <Row>
          <Field Name="SettingKey">UserPrefix</Field>
          <Field Name="SettingValue">i:0ǵ.t|siteminder|</Field>
          <Field Name="SettingEnvironment">dev</Field>
          <Field Name="ID">6</Field>

        </Row>
        <Row>
          <Field Name="SettingKey">UserPrefix</Field>
          <Field Name="SettingValue">i:0ǵ.t|siteminder|</Field>
          <Field Name="SettingEnvironment">mdl</Field>
          <Field Name="ID">7</Field>

        </Row>
        <Row>
          <Field Name="SettingKey">UserPrefix</Field>
          <Field Name="SettingValue">i:0ǵ.t|siteminder|</Field>
          <Field Name="SettingEnvironment">prod</Field>
          <Field Name="ID">8</Field>

        </Row>
        <Row>
          <Field Name="SettingKey">GroupPrefix</Field>
          <Field Name="SettingValue">c:0ǹ.t|siteminder|</Field>
          <Field Name="SettingEnvironment">iso</Field>
          <Field Name="ID">9</Field>

        </Row>
        <Row>
          <Field Name="SettingKey">GroupPrefix</Field>
          <Field Name="SettingValue">c:0ǹ.t|siteminder|</Field>
          <Field Name="SettingEnvironment">dev</Field>
          <Field Name="ID">10</Field>

        </Row>
        <Row>
          <Field Name="SettingKey">GroupPrefix</Field>
          <Field Name="SettingValue">c:0ǹ.t|siteminder|</Field>
          <Field Name="SettingEnvironment">mdl</Field>
          <Field Name="ID">11</Field>

        </Row>
        <Row>
          <Field Name="SettingKey">GroupPrefix</Field>
          <Field Name="SettingValue">c:0ǹ.t|siteminder|</Field>
          <Field Name="SettingEnvironment">prod</Field>
          <Field Name="ID">12</Field>

        </Row>

        <Row>
          <Field Name="SettingKey">smtpServer</Field>
          <Field Name="SettingValue">nyt-sp10iso4-cj</Field>
          <Field Name="SettingEnvironment">iso</Field>
          <Field Name="ID">13</Field>

        </Row>
        <Row>
          <Field Name="SettingKey">smtpServer</Field>
          <Field Name="SettingValue">NYT-SP10ISOR-CJ.NYLDEV.NTLAB.NEWYORKLIFE.com</Field>
          <Field Name="SettingEnvironment">dev</Field>
          <Field Name="ID">14</Field>

        </Row>
        <Row>
          <Field Name="SettingKey">smtpServer</Field>
          <Field Name="SettingValue">mailsmtp.newyorklife.com</Field>
          <Field Name="SettingEnvironment">mdl</Field>
          <Field Name="ID">15</Field>

        </Row>
        <Row>
          <Field Name="SettingKey">smtpServer</Field>
          <Field Name="SettingValue">email.newyorklife.com</Field>
          <Field Name="SettingEnvironment">prod</Field>
          <Field Name="ID">16</Field>

        </Row>
        <Row>
          <Field Name="SettingKey">EmailCCAddress</Field>
          <Field Name="SettingValue">Nilesh_Deshpande@newyorklife.com</Field>
          <Field Name="SettingEnvironment">iso</Field>
          <Field Name="ID">17</Field>

        </Row>
        <Row>
          <Field Name="SettingKey">EmailCCAddress</Field>
          <Field Name="SettingValue"></Field>
          <Field Name="SettingEnvironment">dev</Field>
          <Field Name="ID">18</Field>

        </Row>
        <Row>
          <Field Name="SettingKey">EmailCCAddress</Field>
          <Field Name="SettingValue"></Field>
          <Field Name="SettingEnvironment">mdl</Field>
          <Field Name="ID">19</Field>

        </Row>
        <Row>
          <Field Name="SettingKey">EmailCCAddress</Field>
          <Field Name="SettingValue"></Field>
          <Field Name="SettingEnvironment">prod</Field>
          <Field Name="ID">20</Field>

        </Row>
        <Row>
          <Field Name="SettingKey">EnableNotifications</Field>
          <Field Name="SettingValue">1</Field>
          <Field Name="SettingEnvironment">iso</Field>
          <Field Name="ID">21</Field>

        </Row>
        <Row>
          <Field Name="SettingKey">EnableNotifications</Field>
          <Field Name="SettingValue">0</Field>
          <Field Name="SettingEnvironment">dev</Field>
          <Field Name="ID">22</Field>

        </Row>
        <Row>
          <Field Name="SettingKey">EnableNotifications</Field>
          <Field Name="SettingValue">0</Field>
          <Field Name="SettingEnvironment">mdl</Field>
          <Field Name="ID">23</Field>

        </Row>
        <Row>
          <Field Name="SettingKey">EnableNotifications</Field>
          <Field Name="SettingValue">1</Field>
          <Field Name="SettingEnvironment">prod</Field>
          <Field Name="ID">24</Field>

        </Row>
        <Row>
          <Field Name="SettingKey">SupportEmail</Field>
          <Field Name="SettingValue">Nilesh_Deshpande@newyorklife.com</Field>
          <Field Name="SettingEnvironment">iso</Field>
          <Field Name="ID">25</Field>

        </Row>
        <Row>
          <Field Name="SettingKey">SupportEmail</Field>
          <Field Name="SettingValue"></Field>
          <Field Name="SettingEnvironment">dev</Field>
          <Field Name="ID">26</Field>

        </Row>
        <Row>
          <Field Name="SettingKey">SupportEmail</Field>
          <Field Name="SettingValue"></Field>
          <Field Name="SettingEnvironment">mdl</Field>
          <Field Name="ID">27</Field>

        </Row>
        <Row>
          <Field Name="SettingKey">SupportEmail</Field>
          <Field Name="SettingValue"></Field>
          <Field Name="SettingEnvironment">prod</Field>
          <Field Name="ID">28</Field>

        </Row>
        <Row>
          <Field Name="SettingKey">TraceLogCategory</Field>
          <Field Name="SettingValue">Info</Field>
          <Field Name="SettingEnvironment">default</Field>
          <Field Name="ID">29</Field>

        </Row>
        <Row>
          <Field Name="SettingKey">EnableTraceLog</Field>
          <Field Name="SettingValue">true</Field>
          <Field Name="SettingEnvironment">default</Field>
          <Field Name="ID">30</Field>

        </Row>
        <Row>
          <Field Name="SettingKey">ReportsDataRowLimit</Field>
          <Field Name="SettingValue">4000</Field>
          <Field Name="SettingEnvironment">iso</Field>
          <Field Name="ID">31</Field>

        </Row>
        <Row>
          <Field Name="SettingKey">ReportsDataRowLimit</Field>
          <Field Name="SettingValue">4000</Field>
          <Field Name="SettingEnvironment">dev</Field>
          <Field Name="ID">32</Field>

        </Row>
        <Row>
          <Field Name="SettingKey">ReportsDataRowLimit</Field>
          <Field Name="SettingValue">4000</Field>
          <Field Name="SettingEnvironment">mdl</Field>
          <Field Name="ID">33</Field>

        </Row>
        <Row>
          <Field Name="SettingKey">ReportsDataRowLimit</Field>
          <Field Name="SettingValue">4000</Field>
          <Field Name="SettingEnvironment">prod</Field>
          <Field Name="ID">34</Field>

        </Row>
        <Row>
          <Field Name="SettingKey">WFMTicketsRemovalDuration</Field>
          <Field Name="SettingValue">3-0-0-0-0-0</Field>
          <Field Name="SettingEnvironment">default</Field>
          <Field Name="ID">35</Field>

        </Row>
        <Row>
          <Field Name="SettingKey">EnableErrorNotifications</Field>
          <Field Name="SettingValue">0</Field>
          <Field Name="SettingEnvironment">iso</Field>
          <Field Name="ID">36</Field>

        </Row>
        <Row>
          <Field Name="SettingKey">EnableErrorNotifications</Field>
          <Field Name="SettingValue">0</Field>
          <Field Name="SettingEnvironment">dev</Field>
          <Field Name="ID">37</Field>

        </Row>
        <Row>
          <Field Name="SettingKey">EnableErrorNotifications</Field>
          <Field Name="SettingValue">0</Field>
          <Field Name="SettingEnvironment">mdl</Field>
          <Field Name="ID">38</Field>

        </Row>
        <Row>
          <Field Name="SettingKey">EnableErrorNotifications</Field>
          <Field Name="SettingValue">1</Field>
          <Field Name="SettingEnvironment">prod</Field>
          <Field Name="ID">39</Field>

        </Row>
        <Row>
          <Field Name="SettingKey">UserIDColumnName</Field>
          <Field Name="SettingValue">NYLUID</Field>
          <Field Name="SettingEnvironment">iso</Field>
          <Field Name="ID">40</Field>

        </Row>
        <Row>
          <Field Name="SettingKey">UserIDColumnName</Field>
          <Field Name="SettingValue">NYLUID</Field>
          <Field Name="SettingEnvironment">dev</Field>
          <Field Name="ID">41</Field>

        </Row>
        <Row>
          <Field Name="SettingKey">UserIDColumnName</Field>
          <Field Name="SettingValue">NYLUID</Field>
          <Field Name="SettingEnvironment">mdl</Field>
          <Field Name="ID">42</Field>

        </Row>
        <Row>
          <Field Name="SettingKey">UserIDColumnName</Field>
          <Field Name="SettingValue">NYLUID</Field>
          <Field Name="SettingEnvironment">prod</Field>
          <Field Name="ID">43</Field>

        </Row>
      </Rows>
    </Data>
  </ListInstance>
</Elements>
