﻿<?xml version="1.0" encoding="utf-8"?>
<Elements xmlns="http://schemas.microsoft.com/sharepoint/">
  <ListInstance Title="Email Content"
                OnQuickLaunch="FALSE"
                TemplateType="10007"
                Url="Lists/EmailContent"
                Description="Email Content"
                Hidden="TRUE">

    <Data>
      <Rows>
        <Row>
          <Field Name="EmailType">StatusUpdateEmail</Field>
          <Field Name="EmailBody">
            <![CDATA[            
            <p>
              Ticket #$TicketNumber$ has been closed. Your request has been $Status$, please review your schedule for any adjustments.
            </p>                           
            <br/>
            <p>
              Notes:$Notes$
            </p>
            ]]>
          </Field>
          <Field Name="EmailFromAddress">schedule_changes@nylaarp.newyorklife.com</Field>
          <Field Name="EmailFromName">WFM Staff</Field>
          <Field Name="EmailSubject">$AgentName$ [$RequestType$, $Created$] Ticket #$TicketNumber$</Field>
          <Field Name="ID">1</Field>


        </Row>
        <Row>
          <Field Name="EmailType">NewTicketEmail</Field>
          <Field Name="EmailBody">
            <![CDATA[
           <p>
              Your submission created on $Created$ for $RequestType$  has been received for the following date $EventDate$.
            </p>
            <p>
              Your ticket number is #$TicketNumber$
            </p>
             <p>
             Agent Comments: $Comments$
             </p>
            <p>
              Please allow 48 <b>business hours</b> for processing, thank you.
            </p><br />
            <p>
              Workforce Management
            </p>
            ]]>
          </Field>
          <Field Name="EmailFromAddress">schedule_changes@nylaarp.newyorklife.com</Field>
          <Field Name="EmailFromName">WFM Staff</Field>
          <Field Name="EmailSubject">$AgentName$ [$RequestType$, $Created$] Ticket #$TicketNumber$</Field>
          <Field Name="ID">2</Field>

        </Row>
        
      </Rows>
    </Data>
  </ListInstance>
</Elements>
