﻿<?xml version="1.0" encoding="utf-8"?>
<List xmlns:ows="Microsoft SharePoint" Title="GroupSyncListDefinition" FolderCreation="FALSE" Direction="$Resources:Direction;" Url="Lists/WFM-GroupSyncListDefinition" BaseType="0" xmlns="http://schemas.microsoft.com/sharepoint/">
  <MetaData>
    <!--<ContentTypes>
      <ContentTypeRef ID="0x01">
        <Folder TargetName="Item" />
      </ContentTypeRef>
      <ContentTypeRef ID="0x0120" />
    </ContentTypes>-->
    <Fields>
      <Field ID="{BF6CD09D-599F-444C-8EC2-6A03A6AA55FD}" Name="ManagerSyncComplete" DisplayName="Manager Sync Completed" Type="Boolean" ShowInDisplayForm="TRUE" ShowInNewForm="FALSE" ShowInEditForm="FALSE" />
      <Field ID="{F6468794-2712-42F0-B39B-96E159EB0CB6}" Name="AgentSyncComplete" DisplayName="Agent Sync Completed" Type="Boolean" ShowInDisplayForm="TRUE" ShowInNewForm="FALSE" ShowInEditForm="FALSE" />
      <Field ID="{6DCB3764-5789-411A-A228-B3A2D05CF975}" Name="WFMStaffSyncComplete" DisplayName="WFM Staff Sync Completed" Type="Boolean" ShowInDisplayForm="TRUE" ShowInNewForm="FALSE" ShowInEditForm="FALSE" />
      <Field ID="{526B8806-F98C-47E9-9F5F-35D1C9E7C316}" Name="SyncProcessComplete" DisplayName="Sync Process Completed" Type="Boolean" ShowInDisplayForm="TRUE" ShowInNewForm="FALSE" ShowInEditForm="FALSE" />
      <Field ID="{AE1CE85E-E341-4E2F-92FF-DA5454401EEB}" Name="WFMAdminSyncComplete" DisplayName="WFM Admin Sync Completed" Type="Boolean" ShowInDisplayForm="TRUE" ShowInNewForm="FALSE" ShowInEditForm="FALSE" />
    </Fields>
    <Views>
      <View BaseViewID="0" Type="HTML" MobileView="TRUE" TabularView="FALSE">
        <Toolbar Type="Standard" />
        <XslLink Default="TRUE">main.xsl</XslLink>
        <RowLimit Paged="TRUE">30</RowLimit>
        <ViewFields>
          <FieldRef Name="LinkTitleNoMenu"></FieldRef>
        </ViewFields>
        <Query>
          <OrderBy>
            <FieldRef Name="Modified" Ascending="FALSE"></FieldRef>
          </OrderBy>
        </Query>
        <ParameterBindings>
          <ParameterBinding Name="AddNewAnnouncement" Location="Resource(wss,addnewitem)" />
          <ParameterBinding Name="NoAnnouncements" Location="Resource(wss,noXinviewofY_LIST)" />
          <ParameterBinding Name="NoAnnouncementsHowTo" Location="Resource(wss,noXinviewofY_ONET_HOME)" />
        </ParameterBindings>
      </View>
      <View BaseViewID="1" Type="HTML" WebPartZoneID="Main" DisplayName="$Resources:core,objectiv_schema_mwsidcamlidC24;" DefaultView="TRUE" MobileView="TRUE" MobileDefaultView="TRUE" SetupPath="pages\viewpage.aspx" ImageUrl="/_layouts/images/generic.png" Url="AllItems.aspx">
        <Toolbar Type="Standard" />
        <XslLink Default="TRUE">main.xsl</XslLink>
        <RowLimit Paged="TRUE">30</RowLimit>
        <ViewFields>
          <FieldRef Name="Attachments"></FieldRef>
          <FieldRef Name="LinkTitle"></FieldRef>
          <FieldRef Name="ManagerSyncComplete"></FieldRef>
          <FieldRef Name="AgentSyncComplete"></FieldRef>
          <FieldRef Name="WFMStaffSyncComplete"></FieldRef>
          <FieldRef Name="WFMAdminSyncComplete"></FieldRef>
          <FieldRef Name="SyncProcessComplete"></FieldRef>
          <FieldRef Name="Created"></FieldRef>
        </ViewFields>
        <Query>
          <OrderBy>
            <FieldRef Name="ID"></FieldRef>
          </OrderBy>
        </Query>
        <ParameterBindings>
          <ParameterBinding Name="NoAnnouncements" Location="Resource(wss,noXinviewofY_LIST)" />
          <ParameterBinding Name="NoAnnouncementsHowTo" Location="Resource(wss,noXinviewofY_DEFAULT)" />
        </ParameterBindings>
      </View>
    </Views>
    <Forms>
      <Form Type="DisplayForm" Url="DispForm.aspx" SetupPath="pages\form.aspx" WebPartZoneID="Main" />
      <Form Type="EditForm" Url="EditForm.aspx" SetupPath="pages\form.aspx" WebPartZoneID="Main" />
      <Form Type="NewForm" Url="NewForm.aspx" SetupPath="pages\form.aspx" WebPartZoneID="Main" />
    </Forms>
  </MetaData>
</List>