﻿<?xml version="1.0" encoding="utf-8"?>
<List xmlns:ows="Microsoft SharePoint" Title="ConfigSettingsListDefinition" FolderCreation="FALSE" Direction="$Resources:Direction;" Url="Lists/ConfigSettingsListDefinition" BaseType="0" xmlns="http://schemas.microsoft.com/sharepoint/">
  <MetaData>
    <ContentTypes>
      <!--<ContentTypeRef ID="0x01">
        <Folder TargetName="Item" />
      </ContentTypeRef>
      <ContentTypeRef ID="0x0120" />-->
    </ContentTypes>
    <Fields>
      <Field Type="Computed" Name="LinkTitle" DisplayName="SettingKey" ID=""/>
      <Field Type="Text" Name="Title" DisplayName="SettingKey" Required="True" MaxLength="255" ShowInNewForm="TRUE" ShowInEditForm="TRUE" ID="" />
      <Field Type="Text" Name="SettingValue" DisplayName="SettingValue" Required="True" ShowInNewForm="TRUE" ShowInEditForm="TRUE" MaxLength="255" ID="" />
      <Field Type="Text" Name="SettingEnvironment" DisplayName="SettingEnvironment" Required="True" MaxLength="255" ShowInNewForm="TRUE" ShowInEditForm="TRUE" ID="" />
    </Fields>
    <Views>
      <View BaseViewID="0" Type="HTML" MobileView="TRUE" TabularView="FALSE">
        <Toolbar Type="Standard" />
        <XslLink Default="TRUE">main.xsl</XslLink>
        <RowLimit Paged="TRUE">30</RowLimit>
        <ViewFields>
          <FieldRef Name="LinkTitleNoMenu"></FieldRef>
          <FieldRef Name="SettingValue"></FieldRef>
          <FieldRef Name="SettingEnvironment"></FieldRef>
        </ViewFields>
        <Query>
          <OrderBy>
            <FieldRef Name="Modified" Ascending="FALSE"></FieldRef>
          </OrderBy>
        </Query>
        <ParameterBindings>
          <ParameterBinding Name="AddNewAnnouncement" Location="Resource(wss,addnewitem)" />
          <ParameterBinding Name="NoAnnouncements" Location="Resource(wss,noXinviewofY_LIST)" />
          <ParameterBinding Name="NoAnnouncementsHowTo" Location="Resource(wss,noXinviewofY_ONET_HOME)" />
        </ParameterBindings>
      </View>
      <View BaseViewID="1" Type="HTML" WebPartZoneID="Main" DisplayName="$Resources:core,objectiv_schema_mwsidcamlidC24;" DefaultView="TRUE" MobileView="TRUE" MobileDefaultView="TRUE" SetupPath="pages\viewpage.aspx" ImageUrl="/_layouts/images/generic.png" Url="AllItems.aspx">
        <Toolbar Type="Standard" />
        <XslLink Default="TRUE">main.xsl</XslLink>
        <RowLimit Paged="TRUE">30</RowLimit>
        <ViewFields>
          <FieldRef Name="LinkTitle"></FieldRef>
          <FieldRef Name="SettingValue"></FieldRef>
          <FieldRef Name="SettingEnvironment"></FieldRef>
        </ViewFields>
        <Query>
          <OrderBy>
            <FieldRef Name="ID"></FieldRef>
          </OrderBy>
        </Query>
        <ParameterBindings>
          <ParameterBinding Name="NoAnnouncements" Location="Resource(wss,noXinviewofY_LIST)" />
          <ParameterBinding Name="NoAnnouncementsHowTo" Location="Resource(wss,noXinviewofY_DEFAULT)" />
        </ParameterBindings>
      </View>
    </Views>
    <Forms>
      <Form Type="DisplayForm" Url="DispForm.aspx" SetupPath="pages\form.aspx" WebPartZoneID="Main" />
      <Form Type="EditForm" Url="EditForm.aspx" SetupPath="pages\form.aspx" WebPartZoneID="Main" />
      <Form Type="NewForm" Url="NewForm.aspx" SetupPath="pages\form.aspx" WebPartZoneID="Main" />
    </Forms>
  </MetaData>
</List>