﻿<?xml version="1.0" encoding="utf-8"?>
<Elements xmlns="http://schemas.microsoft.com/sharepoint/">
  <Receivers ListUrl="Lists/ReportsSyncList">
      <Receiver>
        <Name>ReportsSyncEventReceiverItemAdded</Name>
        <Type>ItemAdded</Type>
        <Assembly>$SharePoint.Project.AssemblyFullName$</Assembly>
        <Class>WFM.Event_Receivers.ReportsSyncEventReceiver.ReportsSyncEventReceiver</Class>
        <SequenceNumber>10000</SequenceNumber>
      </Receiver>

  </Receivers>
</Elements>
