﻿<?xml version="1.0" encoding="utf-8"?>
<Elements xmlns="http://schemas.microsoft.com/sharepoint/">
  <Receivers ListTemplateId="10002">
    <Receiver>
      <Name>WFMTicketEventReceiverItemAdded</Name>
      <Type>ItemAdded</Type>
      <Assembly>$SharePoint.Project.AssemblyFullName$</Assembly>
      <Class>WFM.Event_Receivers.WFMTicketEventReceiver.WFMTicketEventReceiver</Class>
      <SequenceNumber>10001</SequenceNumber>
    </Receiver>
    <Receiver>
      <Name>WFMTicketEventReceiverItemUpdated</Name>
      <Type>ItemUpdated</Type>
      <Assembly>$SharePoint.Project.AssemblyFullName$</Assembly>
      <Class>WFM.Event_Receivers.WFMTicketEventReceiver.WFMTicketEventReceiver</Class>
      <SequenceNumber>10002</SequenceNumber>
    </Receiver>
  </Receivers>
</Elements>
