﻿<?xml version="1.0" encoding="utf-8"?>
<List xmlns:ows="Microsoft SharePoint" Title="EmailListDefinition" FolderCreation="FALSE" Direction="$Resources:Direction;" Url="Lists/WFM-EmailListDefinition" BaseType="0" xmlns="http://schemas.microsoft.com/sharepoint/">
  <MetaData>
    <!--<ContentTypes>
      <ContentTypeRef ID="0x01">
        <Folder TargetName="Item" />
      </ContentTypeRef>
      <ContentTypeRef ID="0x0120" />
      
    </ContentTypes>-->
    <Fields>
      <Field ID="{7D0D1CA4-75F3-4B69-ACA2-632A0D8B4101}" Type="Text" Name="EmailType" DisplayName="Email Type" ShowInEditForm="TRUE" ShowInDisplayForm="TRUE" ShowInNewForm="TRUE"/>
      <Field ID="{92D6CA00-C647-4058-B54A-B30FD005BE4B}" Type="Note" Name="EmailBody" DisplayName="Email Body" RichText="TRUE" NumLines="15" ShowInEditForm="TRUE" ShowInDisplayForm="TRUE" ShowInNewForm="TRUE"/>
      <Field ID="{9271906A-8EC5-4940-95D6-B60F72A7E7DB}" Type="Text" Name="EmailFromAddress" DisplayName="Email From Address"/>
      <Field ID="{2C459294-5A68-4ECF-B52B-3EF6F7F1AAD2}" Type="Text" Name="EmailFromName" DisplayName="Email From Name"/>
      <Field ID="{AA811849-AEF2-405D-B661-8300FB1D1676}" Type="Text" Name="EmailSubject" DisplayName="Email Subject" />
    </Fields>
    <Views>
      <View BaseViewID="0" Type="HTML" MobileView="TRUE" TabularView="FALSE">
        <Toolbar Type="Standard" />
        <XslLink Default="TRUE">main.xsl</XslLink>
        <RowLimit Paged="TRUE">30</RowLimit>
        <ViewFields>
          <FieldRef Name="LinkTitleNoMenu"></FieldRef>
        </ViewFields>
        <Query>
          <OrderBy>
            <FieldRef Name="Modified" Ascending="FALSE"></FieldRef>
          </OrderBy>
        </Query>
        <ParameterBindings>
          <ParameterBinding Name="AddNewAnnouncement" Location="Resource(wss,addnewitem)" />
          <ParameterBinding Name="NoAnnouncements" Location="Resource(wss,noXinviewofY_LIST)" />
          <ParameterBinding Name="NoAnnouncementsHowTo" Location="Resource(wss,noXinviewofY_ONET_HOME)" />
        </ParameterBindings>
      </View>
      <View BaseViewID="1" Type="HTML" WebPartZoneID="Main" DisplayName="$Resources:core,objectiv_schema_mwsidcamlidC24;" DefaultView="TRUE" MobileView="TRUE" MobileDefaultView="TRUE" SetupPath="pages\viewpage.aspx" ImageUrl="/_layouts/images/generic.png" Url="AllItems.aspx">
        <Toolbar Type="Standard" />
        <XslLink Default="TRUE">main.xsl</XslLink>
        <RowLimit Paged="TRUE">30</RowLimit>
        <ViewFields>
          <FieldRef Name="LinkTitle"></FieldRef>
          <FieldRef Name="EmailType"></FieldRef>
          <FieldRef Name="EmailBody"></FieldRef>
          <FieldRef Name="EmailFromAddress"></FieldRef>
          <FieldRef Name="EmailFromName"></FieldRef>
          <FieldRef Name="EmailSubject"></FieldRef>
        </ViewFields>
        <Query>
          <OrderBy>
            <FieldRef Name="ID"></FieldRef>
          </OrderBy>
        </Query>
        <ParameterBindings>
          <ParameterBinding Name="NoAnnouncements" Location="Resource(wss,noXinviewofY_LIST)" />
          <ParameterBinding Name="NoAnnouncementsHowTo" Location="Resource(wss,noXinviewofY_DEFAULT)" />
        </ParameterBindings>
      </View>
    </Views>
    <Forms>
      <Form Type="DisplayForm" Url="DispForm.aspx" SetupPath="pages\form.aspx" WebPartZoneID="Main" />
      <Form Type="EditForm" Url="EditForm.aspx" SetupPath="pages\form.aspx" WebPartZoneID="Main" />
      <Form Type="NewForm" Url="NewForm.aspx" SetupPath="pages\form.aspx" WebPartZoneID="Main" />
    </Forms>
  </MetaData>
</List>