﻿<?xml version="1.0" encoding="utf-8"?>
<Elements xmlns="http://schemas.microsoft.com/sharepoint/">
  <Module Name="SearchPages">


    <File Path="SearchPages\searchdate.aspx" Url="SearchPages/searchdate.aspx" >

      <AllUsersWebPart WebPartZoneID="WebPartZoneFilters" WebPartOrder="1">
        <![CDATA[
        
              <webParts>
         <webPart xmlns="http://schemas.microsoft.com/WebPart/v3">
        <metaData>
          <type name="Microsoft.SharePoint.Portal.WebControls.DateFilterWebPart, Microsoft.Office.Server.FilterControls, Version=14.0.0.0, Culture=neutral, PublicKeyToken=71e9bce111e9429c" />
          <importErrorMessage>Cannot import this Web Part.</importErrorMessage>
        </metaData>
        <data>
          <properties>
            <property name="FilterName" type="string">StartDate</property>
            <property name="HelpUrl" type="string" />
            <property name="AllowClose" type="bool">True</property>
            <property name="ExportMode" type="exportmode">All</property>
            <property name="Hidden" type="bool">False</property>
            <property name="DefaultValue" type="string" />
            <property name="AllowEdit" type="bool">True</property>
            <property name="FilterMainControlWidthPixels" type="string">0</property>
            <property name="Direction" type="direction">NotSet</property>
            <property name="TitleIconImageUrl" type="string">/_layouts/images/wp_Filter.gif</property>
            <property name="AllowConnect" type="bool">True</property>
            <property name="MissingAssembly" type="string">Cannot import this Web Part.</property>
            <property name="AllowHide" type="bool">True</property>
            <property name="Description" type="string">Filters the contents of Web Parts by allowing users to enter a text value.</property>
            <property name="CatalogIconImageUrl" type="string">/_layouts/images/wp_Filter.gif</property>
            <property name="HelpMode" type="helpmode">Modeless</property>
            <property name="AllowMinimize" type="bool">True</property>
            <property name="MaximumCharacters" type="int">255</property>
            <property name="Height" type="string" />
            <property name="ChromeType" type="chrometype">None</property>
            <property name="Width" type="string" />
            <property name="RequireSelection" type="bool">False</property>
            <property name="Title" type="string">Start Date</property>
            <property name="AllowZoneChange" type="bool">True</property>
            <property name="ChromeState" type="chromestate">Normal</property>
            <property name="TitleUrl" type="string" />
          </properties>
        </data>
      </webPart>
           </webParts>
           
      
        
        ]]>
      </AllUsersWebPart>

      <AllUsersWebPart WebPartZoneID="WebPartZoneFilters" WebPartOrder="1">
        <![CDATA[
        
              <webParts>
         <webPart xmlns="http://schemas.microsoft.com/WebPart/v3">
        <metaData>
          <type name="Microsoft.SharePoint.Portal.WebControls.DateFilterWebPart, Microsoft.Office.Server.FilterControls, Version=14.0.0.0, Culture=neutral, PublicKeyToken=71e9bce111e9429c" />
          <importErrorMessage>Cannot import this Web Part.</importErrorMessage>
        </metaData>
        <data>
          <properties>
            <property name="FilterName" type="string">EndDate</property>
            <property name="HelpUrl" type="string" />
            <property name="AllowClose" type="bool">True</property>
            <property name="ExportMode" type="exportmode">All</property>
            <property name="Hidden" type="bool">False</property>
            <property name="DefaultValue" type="string" />
            <property name="AllowEdit" type="bool">True</property>
            <property name="FilterMainControlWidthPixels" type="string">0</property>
            <property name="Direction" type="direction">NotSet</property>
            <property name="TitleIconImageUrl" type="string">/_layouts/images/wp_Filter.gif</property>
            <property name="AllowConnect" type="bool">True</property>
            <property name="MissingAssembly" type="string">Cannot import this Web Part.</property>
            <property name="AllowHide" type="bool">True</property>
            <property name="Description" type="string">Filters the contents of Web Parts by allowing users to enter a text value.</property>
            <property name="CatalogIconImageUrl" type="string">/_layouts/images/wp_Filter.gif</property>
            <property name="HelpMode" type="helpmode">Modeless</property>
            <property name="AllowMinimize" type="bool">True</property>
            <property name="MaximumCharacters" type="int">255</property>
            <property name="Height" type="string" />
            <property name="ChromeType" type="chrometype">None</property>
            <property name="Width" type="string" />
            <property name="RequireSelection" type="bool">False</property>
            <property name="Title" type="string">End Date</property>
            <property name="AllowZoneChange" type="bool">True</property>
            <property name="ChromeState" type="chromestate">Normal</property>
            <property name="TitleUrl" type="string" />
          </properties>
        </data>
      </webPart>
           </webParts>
           
      
        
        ]]>
      </AllUsersWebPart>


    </File>
    
    
    <File Path="SearchPages\searchnumber.aspx" Url="SearchPages/searchnumber.aspx" >

      <AllUsersWebPart WebPartZoneID="WebPartZoneFilters" WebPartOrder="2">
        <![CDATA[
        
              <webParts>
         <webPart xmlns="http://schemas.microsoft.com/WebPart/v3">
        <metaData>
          <type name="Microsoft.SharePoint.Portal.WebControls.SPSlicerTextWebPart, Microsoft.Office.Server.FilterControls, Version=14.0.0.0, Culture=neutral, PublicKeyToken=71e9bce111e9429c" />
          <importErrorMessage>Cannot import this Web Part.</importErrorMessage>
        </metaData>
        <data>
          <properties>
            <property name="FilterName" type="string">Agent ACF2ID</property>
            <property name="HelpUrl" type="string" />
            <property name="AllowClose" type="bool">True</property>
            <property name="ExportMode" type="exportmode">All</property>
            <property name="Hidden" type="bool">False</property>
            <property name="DefaultValue" type="string" />
            <property name="AllowEdit" type="bool">True</property>
            <property name="FilterMainControlWidthPixels" type="string">0</property>
            <property name="Direction" type="direction">NotSet</property>
            <property name="TitleIconImageUrl" type="string">/_layouts/images/wp_Filter.gif</property>
            <property name="AllowConnect" type="bool">True</property>
            <property name="MissingAssembly" type="string">Cannot import this Web Part.</property>
            <property name="AllowHide" type="bool">True</property>
            <property name="Description" type="string">Filters the contents of Web Parts by allowing users to enter a text value.</property>
            <property name="CatalogIconImageUrl" type="string">/_layouts/images/wp_Filter.gif</property>
            <property name="HelpMode" type="helpmode">Modeless</property>
            <property name="AllowMinimize" type="bool">True</property>
            <property name="MaximumCharacters" type="int">255</property>
            <property name="Height" type="string" />
            <property name="ChromeType" type="chrometype">None</property>
            <property name="Width" type="string" />
            <property name="RequireSelection" type="bool">False</property>
            <property name="Title" type="string">Agent ACF2ID</property>
            <property name="AllowZoneChange" type="bool">True</property>
            <property name="ChromeState" type="chromestate">Normal</property>
            <property name="TitleUrl" type="string" />
          </properties>
        </data>
      </webPart>
           </webParts>
           
      
        
        ]]>
      </AllUsersWebPart>


      <AllUsersWebPart WebPartZoneID="WebPartZoneFilters" WebPartOrder="1">
        <![CDATA[
         <webParts>
      <webPart xmlns="http://schemas.microsoft.com/WebPart/v3">
        <metaData>
          <type name="Microsoft.SharePoint.Portal.WebControls.SPSlicerTextWebPart, Microsoft.Office.Server.FilterControls, Version=14.0.0.0, Culture=neutral, PublicKeyToken=71e9bce111e9429c" />
          <importErrorMessage>Cannot import this Web Part.</importErrorMessage>
        </metaData>
        <data>
          <properties>
            <property name="FilterName" type="string">Ticket Number</property>
            <property name="HelpUrl" type="string" />
            <property name="AllowClose" type="bool">True</property>
            <property name="ExportMode" type="exportmode">All</property>
            <property name="Hidden" type="bool">False</property>
            <property name="DefaultValue" type="string" />
            <property name="AllowEdit" type="bool">True</property>
            <property name="FilterMainControlWidthPixels" type="string">0</property>
            <property name="Direction" type="direction">NotSet</property>
            <property name="TitleIconImageUrl" type="string">/_layouts/images/wp_Filter.gif</property>
            <property name="AllowConnect" type="bool">True</property>
            <property name="MissingAssembly" type="string">Cannot import this Web Part.</property>
            <property name="AllowHide" type="bool">True</property>
            <property name="Description" type="string">Filters the contents of Web Parts by allowing users to enter a text value.</property>
            <property name="CatalogIconImageUrl" type="string">/_layouts/images/wp_Filter.gif</property>
            <property name="HelpMode" type="helpmode">Modeless</property>
            <property name="AllowMinimize" type="bool">True</property>
            <property name="MaximumCharacters" type="int">255</property>
            <property name="Height" type="string" />
            <property name="ChromeType" type="chrometype">None</property>
            <property name="Width" type="string" />
            <property name="RequireSelection" type="bool">False</property>
            <property name="Title" type="string">Ticket Number</property>
            <property name="AllowZoneChange" type="bool">True</property>
            <property name="ChromeState" type="chromestate">Normal</property>
            <property name="TitleUrl" type="string" />
          </properties>
        </data>
      </webPart>
        
           </webParts>
        ]]>
      </AllUsersWebPart>

    </File>
</Module>
</Elements>