﻿<?xml version="1.0" encoding="utf-8"?>
<Elements xmlns="http://schemas.microsoft.com/sharepoint/">
  <!-- Parent ContentType: Item (0x01) -->
  <ContentType ID="0x010066a6420e5a1d4f5dba8d72c2a679a661"
               Name="WFMTicketsCT"
               Group="WFM Ticketing"
               Description="WFM Ticket Content Type"
               Inherits="FALSE"
               Version="0"
               Overwrite="TRUE" Sealed="True" >
    <FieldRefs>
      <!--<FieldRef ID="{6B0FA0D7-80EC-4265-BB79-9240CDEBC303}" Name="RequestCategory" DisplayName="RequestCategory" />-->
      <!--<FieldRef ID="{3D68D3AD-F47C-45F8-BB64-7F4B6856FB24}" Name="AgentName" DisplayName="Agent Name" />-->
      <!--<FieldRef ID="{FB69D801-7F86-4CF0-99E9-654F0288AC4C}" Name="AgentACF2ID" DisplayName="AgentACF2ID" />
      <FieldRef ID="{4FE501CD-A7C7-46BF-B525-978A7B468613}" Name="AgentNYLUID" DisplayName="AgentNYLUID" />
      <FieldRef ID="{D1D06796-BDB9-46DF-8377-2D2DE88230A2}" Name="AgentEmailID" DisplayName="AgentEmailID" />
      <FieldRef ID="{6E7277EA-6DFB-4CF9-8F38-5DA5FA617ECE}" Name="ManagerName" DisplayName="ManagerName" />
      <FieldRef ID="{98251309-8635-49D9-BFCC-9B54554448DC}" Name="ManagerACF2ID" DisplayName="ManagerACF2ID" />
      <FieldRef ID="{90367D4E-5780-46EC-9905-4D1034F1D4F3}" Name="ManagerNYLUID" DisplayName="ManagerNYLUID" />
      <FieldRef ID="{15A37F05-2554-4DD8-ADB6-965CBEA744C8}" Name="ManagerEmailID" DisplayName="ManagerEmailID" />-->
      <FieldRef ID="{15A37F08-2554-4DD8-ADB6-965CBEA744C8}" Name="TicketNumber" DisplayName="Ticket #" />
      <FieldRef ID="{A569696A-22FE-4E13-A1F4-1C52D8B46CC1}" Name="RequestType" DisplayName="RequestType" />
      <FieldRef ID="{815A48A7-5254-4BBA-904A-9AA7C9765AAF}" Name="EventDate" DisplayName="Event Date" />
      <FieldRef ID="{E17AAAA5-2EAA-40A5-A05F-12E29459421B}" Name="WFMName" DisplayName="WFM Team Member Name" />
      <FieldRef ID="{A401D9F9-685E-4813-958B-5E1E6E7F47A1}" Name="WFMACF2ID" DisplayName="WFM ACF2" />
      <FieldRef ID="{56BFA109-0B7A-46D7-BD4D-E136E05C28A0}" Name="WFMNYLUID" DisplayName="WFM NYLUID" />
      <FieldRef ID="{C79AB81F-13AF-4852-BD54-457F3B81C668}" Name="WFMEmailID" DisplayName="WFM Email" />
      <FieldRef ID="{F443E8B3-C978-4BDA-95B3-745FEDA25FFF}" Name="CCManagerEmail" DisplayName="CC Manager Email" />
      <FieldRef ID="{3C02EE83-07FD-4BDA-8D3D-EE0459EF98BE}" Name="Notes" DisplayName="WFM Notes" />
      <FieldRef ID="{CDDCE933-2AD0-4485-A2DC-7ADDC8D800FB}" Name="Comments" DisplayName="Comments" />
      <FieldRef ID="{936417FA-FEC1-410D-9347-04B3102927B6}" Name="Status" DisplayName="Status" />
      <FieldRef ID="{15A37F09-2554-4DD8-ADB6-965CBEA744C8}" Name="DaysOld" DisplayName="Days Old" />
      <FieldRef ID="{fa564e0f-0c70-4ab9-b863-0177e6ddd247}" Name="Title" DisplayName="Title" Required="FALSE" Hidden="TRUE" />
      <FieldRef ID="{5EB5C169-8E19-40CC-BE8B-FBB093925ACD}" Name="SubmittedDate" DisplayName="Submitted Date" />
      <FieldRef ID="{A64836CA-8055-4B0A-99FF-DE6E00CCA291}" Name="NotesDisplay" DisplayName="WFM Notes" />
      <FieldRef ID="{42CD8D3D-E68A-46ED-A262-E715CA02A358}" Name="CommentsDisplay" DisplayName="Comments" />
      <FieldRef ID="{02E2DAEC-7CEA-43AF-A68C-22C866BB0BDA}" Name="AgentDepartment" DisplayName="Agent Department" />
      <FieldRef ID="{3D04DA50-0F3C-4E25-9519-9ED2AB7483CD}" Name="AgentFirstName" DisplayName="Agent First Name" />
      <FieldRef ID="{DFECA827-F3E6-4C96-897A-623F1728AE07}" Name="AgentLastName" DisplayName="Agent Last Name" />
    </FieldRefs>
  </ContentType>
</Elements>
