﻿<?xml version="1.0" encoding="utf-8"?>
<Elements xmlns="http://schemas.microsoft.com/sharepoint/">
  <Field ID="{15A37F08-2554-4DD8-ADB6-965CBEA744C8}" Name="TicketNumber" DisplayName="Ticket #" Type="Text"/>
  <Field ID="{A569696A-22FE-4E13-A1F4-1C52D8B46CC1}" Name="RequestType" Type="Lookup" DisplayName="Request Type" List="Lists/RequestType" ShowField="Title" Required="TRUE"/>
  <Field ID="{815A48A7-5254-4BBA-904A-9AA7C9765AAF}" Name="EventDate" DisplayName="Event Date" Type ="DateTime" Format="DateOnly" Required="TRUE" />
  <Field ID="{E17AAAA5-2EAA-40A5-A05F-12E29459421B}" Name="WFMName" DisplayName="WFM Team Member Name" Type="Text" />
  <Field ID="{A401D9F9-685E-4813-958B-5E1E6E7F47A1}" Name="WFMACF2ID" DisplayName="WFM ACF2" Type="Text" />
  <Field ID="{56BFA109-0B7A-46D7-BD4D-E136E05C28A0}" Name="WFMNYLUID" DisplayName="WFM NYLUID" Type="Text" />
  <Field ID="{C79AB81F-13AF-4852-BD54-457F3B81C668}" Name="WFMEmailID" DisplayName="WFM Email" Type="Text" />
  <Field ID="{02E2DAEC-7CEA-43AF-A68C-22C866BB0BDA}" Name="AgentDepartment" DisplayName="Agent Department" Type="Text" />
  <Field ID="{3D04DA50-0F3C-4E25-9519-9ED2AB7483CD}" Name="AgentFirstName" DisplayName="Agent First Name" Type="Text" />
  <Field ID="{DFECA827-F3E6-4C96-897A-623F1728AE07}" Name="AgentLastName" DisplayName="Agent Last Name" Type="Text" />
  <Field ID="{F443E8B3-C978-4BDA-95B3-745FEDA25FFF}" Name="CCManagerEmail" DisplayName="CC Manager Email" Type="Text" />
  <Field ID="{3C02EE83-07FD-4BDA-8D3D-EE0459EF98BE}" Name="Notes" DisplayName="WFM Notes" Type="Note" RichText="FALSE" NumLines="10" />
  <Field ID="{A64836CA-8055-4B0A-99FF-DE6E00CCA291}" Name="NotesDisplay" DisplayName="WFM Notes" Type="Text" ShowInDisplayForm="FALSE" ShowInEditForm="FALSE" ShowInNewForm="FALSE" />
  <Field ID="{cddce933-2ad0-4485-a2dc-7addc8d800fb}" Name="Comments" DisplayName="Comments" Type="Note" RichText="FALSE" NumLines="10"/>
  <Field ID="{42CD8D3D-E68A-46ED-A262-E715CA02A358}" Name="CommentsDisplay" DisplayName="Comments" Type="Text" ShowInDisplayForm="FALSE" ShowInEditForm="FALSE" ShowInNewForm="FALSE" />
  <Field ID="{71AC5D4A-ECCD-4628-8FF0-75366F0879E8}" Name="AgentACF2ID" DisplayName="AgentACF2ID" Type="Text" ShowInDisplayForm="FALSE" ShowInEditForm="FALSE" ShowInNewForm="FALSE" />
  <Field ID="{EC681ADC-F7D9-40F0-BDA1-260E34A57831}" Name="ManagerACF2ID" DisplayName="ManagerACF2ID" Type="Text" ShowInDisplayForm="FALSE" ShowInEditForm="FALSE" ShowInNewForm="FALSE"/>
  <Field ID="{936417FA-FEC1-410D-9347-04B3102927B6}" Type="Choice" Name="Status" DisplayName="Status" ShowInDisplayForm="TRUE" ShowInNewForm="TRUE" ShowInEditForm="TRUE" Required="TRUE">
    <CHOICES>
      <CHOICE >Open</CHOICE>
      <CHOICE>Approved</CHOICE>
      <CHOICE>Denied</CHOICE>
    </CHOICES>
    <Default>Open</Default>
  </Field>
  <Field ID="{fa564e0f-0c70-4ab9-b863-0177e6ddd247}" Name="Title" DisplayName="Title" Required="FALSE" Hidden="TRUE" Type="Text"  />

  <Field ID="{5EB5C169-8E19-40CC-BE8B-FBB093925ACD}" Name="SubmittedDate" DisplayName="Submitted Date" Type="Calculated" ResultType="DateTime" Format="DateOnly">
    <Formula>=[Created]</Formula>
    <FieldRefs>
      <FieldRef Name="Created" ID="{8c06beca-0777-48f7-91c7-6da68bc07b69}"></FieldRef>
    </FieldRefs>
  </Field>
  
</Elements>
