﻿<?xml version="1.0" encoding="utf-8"?>
<Elements xmlns="http://schemas.microsoft.com/sharepoint/">
  <ListInstance Title="RequestType"
                OnQuickLaunch="FALSE"
                TemplateType="10001"
                Url="Lists/RequestType"
                Description="WFM Request Type">
    <Data>
      <Rows>
        <Row>
          <!--<Field Name="Category">1;#Scheduled Time off</Field>-->
          <Field Name="Title">Vacation</Field>
          <Field Name="Active">1</Field>
          <Field Name="ID">1</Field>

        </Row>
        <Row>
          <!--<Field Name="Category">1;#Scheduled Time off</Field>-->
          <Field Name="Title">Personal Holiday</Field>
          <Field Name="Active">1</Field>
          <Field Name="ID">2</Field>

        </Row>
        <Row>
          <!--<Field Name="Category">1;#Scheduled Time off</Field>-->
          <Field Name="Title">Company Holiday</Field>
          <Field Name="Active">1</Field>
          <Field Name="ID">3</Field>

        </Row>
        <Row>
          <!--<Field Name="Category">2;#Schedule Swaps</Field>-->
          <Field Name="Title">Saturday Swap</Field>
          <Field Name="Active">1</Field>
          <Field Name="ID">4</Field>

        </Row>
        <Row>
          <!--<Field Name="Category">2;#Schedule Swaps</Field>-->
          <Field Name="Title">Weekday Swap</Field>
          <Field Name="Active">1</Field>
          <Field Name="ID">5</Field>

        </Row>
        <Row>
          <!--<Field Name="Category">3;#Schedule Change Request</Field>-->
          <Field Name="Title">Schedule Change Request</Field>
          <Field Name="Active">1</Field>
          <Field Name="ID">6</Field>

        </Row>
        <Row>
          <!--<Field Name="Category">4;#Overtime</Field>-->
          <Field Name="Title">OT ADD PRE SHIFT</Field>
          <Field Name="Active">1</Field>
          <Field Name="ID">7</Field>

        </Row>
        <Row>
          <!--<Field Name="Category">4;#Overtime</Field>-->
          <Field Name="Title">OT ADD POST SHIFT</Field>
          <Field Name="Active">1</Field>
          <Field Name="ID">8</Field>

          
        </Row>
        <Row>
          <!--<Field Name="Category">4;#Overtime</Field>-->
          <Field Name="Title">OT CANCEL</Field>
          <Field Name="Active">1</Field>
          <Field Name="ID">9</Field>

        </Row>
        <Row>
          <!--<Field Name="Category">4;#Overtime</Field>-->
          <Field Name="Title">OT ADJUST</Field>
          <Field Name="Active">1</Field>
          <Field Name="ID">10</Field>

        </Row>
      </Rows>
    </Data>
  </ListInstance>
</Elements>
