﻿<?xml version="1.0" encoding="utf-8"?>
<Elements xmlns="http://schemas.microsoft.com/sharepoint/">
  <Receivers ListUrl="Lists/GroupSyncList">
      <Receiver>
        <Name>GroupSyncEventReceiverItemAdded</Name>
        <Type>ItemAdded</Type>
        <Assembly>$SharePoint.Project.AssemblyFullName$</Assembly>
        <Class>WFM.Event_Receivers.GroupSyncEventReceiver.GroupSyncEventReceiver</Class>
        <SequenceNumber>10000</SequenceNumber>
      </Receiver>

  </Receivers>
</Elements>
