﻿<?xml version="1.0" encoding="utf-8"?>
<List xmlns:ows="Microsoft SharePoint" Title="ReportsSyncListDefinition" FolderCreation="FALSE" Direction="$Resources:Direction;" Url="Lists/NYL.WFM-ReportsSyncListDefinition" BaseType="0" xmlns="http://schemas.microsoft.com/sharepoint/">
  <MetaData>
    <!--<ContentTypes>
      <ContentTypeRef ID="0x01">
        <Folder TargetName="Item" />
      </ContentTypeRef>
      <ContentTypeRef ID="0x0120" />
    </ContentTypes>-->
    <Fields>
      <Field ID="{2FD22C3B-26FB-4BA1-9EFB-03380152F6C0}" Name="ReportSyncComplete" DisplayName="Report Sync Completed" Type="Boolean" ShowInDisplayForm="TRUE" ShowInNewForm="FALSE" ShowInEditForm="FALSE" />
      <Field ID="{5D78AC33-99D5-4E2B-902F-9C13FD8417B2}" Name="SyncProcessComplete" DisplayName="Sync Process Completed" Type="Boolean" ShowInDisplayForm="TRUE" ShowInNewForm="FALSE" ShowInEditForm="FALSE" />
    </Fields>
    <Views>
      <View BaseViewID="0" Type="HTML" MobileView="TRUE" TabularView="FALSE">
        <Toolbar Type="Standard" />
        <XslLink Default="TRUE">main.xsl</XslLink>
        <RowLimit Paged="TRUE">30</RowLimit>
        <ViewFields>
          <FieldRef Name="LinkTitleNoMenu"></FieldRef>
        </ViewFields>
        <Query>
          <OrderBy>
            <FieldRef Name="Modified" Ascending="FALSE"></FieldRef>
          </OrderBy>
        </Query>
        <ParameterBindings>
          <ParameterBinding Name="AddNewAnnouncement" Location="Resource(wss,addnewitem)" />
          <ParameterBinding Name="NoAnnouncements" Location="Resource(wss,noXinviewofY_LIST)" />
          <ParameterBinding Name="NoAnnouncementsHowTo" Location="Resource(wss,noXinviewofY_ONET_HOME)" />
        </ParameterBindings>
      </View>
      <View BaseViewID="1" Type="HTML" WebPartZoneID="Main" DisplayName="$Resources:core,objectiv_schema_mwsidcamlidC24;" DefaultView="TRUE" MobileView="TRUE" MobileDefaultView="TRUE" SetupPath="pages\viewpage.aspx" ImageUrl="/_layouts/images/generic.png" Url="AllItems.aspx">
        <Toolbar Type="Standard" />
        <XslLink Default="TRUE">main.xsl</XslLink>
        <RowLimit Paged="TRUE">30</RowLimit>
        <ViewFields>
          <FieldRef Name="Attachments"></FieldRef>
          <FieldRef Name="LinkTitle"></FieldRef>
          <FieldRef Name="ReportSyncComplete"></FieldRef>
          <FieldRef Name="SyncProcessComplete"></FieldRef>
          <FieldRef Name="Created"></FieldRef>
        </ViewFields>
        <Query>
          <OrderBy>
            <FieldRef Name="ID"></FieldRef>
          </OrderBy>
        </Query>
        <ParameterBindings>
          <ParameterBinding Name="NoAnnouncements" Location="Resource(wss,noXinviewofY_LIST)" />
          <ParameterBinding Name="NoAnnouncementsHowTo" Location="Resource(wss,noXinviewofY_DEFAULT)" />
        </ParameterBindings>
      </View>
    </Views>
    <Forms>
      <Form Type="DisplayForm" Url="DispForm.aspx" SetupPath="pages\form.aspx" WebPartZoneID="Main" />
      <Form Type="EditForm" Url="EditForm.aspx" SetupPath="pages\form.aspx" WebPartZoneID="Main" />
      <Form Type="NewForm" Url="NewForm.aspx" SetupPath="pages\form.aspx" WebPartZoneID="Main" />
    </Forms>
  </MetaData>
</List>