﻿<?xml version="1.0" encoding="utf-8"?>
<Solution xmlns="http://schemas.microsoft.com/sharepoint/" SolutionId="70faf583-4075-49d0-8e66-b798e7eea150" SharePointProductVersion="14.0">
  <Assemblies>
    <Assembly Location="NYL.WFM.dll" DeploymentTarget="GlobalAssemblyCache">
      <SafeControls>
        <SafeControl Assembly="NYL.WFM" Namespace="NYL.WFM" TypeName="*" />
      </SafeControls>
    </Assembly>
  </Assemblies>
  <TemplateFiles>
    <TemplateFile Location="Layouts\WFM\Scripts\jquery.min.js" />
    <TemplateFile Location="Layouts\WFM\Scripts\jquery.SPServices-2014.02.min.js" />
    <TemplateFile Location="Layouts\WFM\Scripts\spjs-utility.js" />
    <TemplateFile Location="Layouts\WFM\Scripts\wfm.js" />
    <TemplateFile Location="Layouts\WFM\Sync.aspx" />
  </TemplateFiles>
  <FeatureManifests>
    <FeatureManifest Location="NYL.WFM_WFM Provision Master Page\Feature.xml" />
    <FeatureManifest Location="NYL.WFM_WFM Provision Master Lists\Feature.xml" />
    <FeatureManifest Location="NYL.WFM_WFM Provision Content Types\Feature.xml" />
    <FeatureManifest Location="NYL.WFM_WFM Provision Tickets List\Feature.xml" />
    <FeatureManifest Location="NYL.WFM_WFM Provision Landing Pages\Feature.xml" />
    <FeatureManifest Location="NYL.WFM_WFM Provision Security Groups\Feature.xml" />
    <FeatureManifest Location="NYL.WFM_WFM Provision Navigation Links\Feature.xml" />
    <FeatureManifest Location="NYL.WFM_WFM Provision Views\Feature.xml" />
  </FeatureManifests>
</Solution>