﻿<?xml version="1.0" encoding="utf-8"?>
<Elements xmlns="http://schemas.microsoft.com/sharepoint/">
  <Module Name="WFMPages">
    <File Path="WFMPages\WFMPageTemplate.aspx" Url="WFMPages/WFMPageTemplate.aspx" />
  </Module>
  <Module Name="WFMPages"
          Url="Libraries/WFMAllPages"
          Path="WFMPages">

    <!--######################################## Report 1 Start #########################################################-->
    <File Url="WFMPageTemplate.aspx"
          Name="Report1.aspx"
          Type="Ghostable">

      <!--<AllUsersWebPart WebPartZoneID="WebPartZone_CenterMain" WebPartOrder="1">
      </AllUsersWebPart>-->

    </File>
    <!--######################################## Report 1 Home End #########################################################-->

    <!--######################################## Report 2 Home Start #########################################################-->
    <File Url="WFMPageTemplate.aspx"
          Name="Report2.aspx"
          Type="Ghostable">

      <!--<AllUsersWebPart WebPartZoneID="WebPartZone_CenterMain" WebPartOrder="1">
      </AllUsersWebPart>-->
    </File>
    <!--######################################## Report 2 Home End #########################################################-->

    <!--######################################## Report 3 Start #########################################################-->
    <File Url="WFMPageTemplate.aspx"
          Name="Report3.aspx"
          Type="Ghostable">

      <!--<AllUsersWebPart WebPartZoneID="WebPartZone_CenterMain" WebPartOrder="1">
      </AllUsersWebPart>-->
    </File>
    <!--######################################## Report 3 Home End #########################################################-->

    <!--######################################## Report 4 Start #########################################################-->
    <File Url="WFMPageTemplate.aspx"
          Name="Report4.aspx"
          Type="Ghostable">

      <!--<AllUsersWebPart WebPartZoneID="WebPartZone_CenterMain" WebPartOrder="1">
      </AllUsersWebPart>-->
    </File>
    <!--######################################## Report 4 Home End #########################################################-->

    <!--######################################## Report 5 Start #########################################################-->
    <File Url="WFMPageTemplate.aspx"
          Name="Report5.aspx"
          Type="Ghostable">

      <!--<AllUsersWebPart WebPartZoneID="WebPartZone_CenterMain" WebPartOrder="1">
      </AllUsersWebPart>-->
    </File>
    <!--######################################## Report 5 Home End #########################################################-->
  </Module>
</Elements>