﻿<?xml version="1.0" encoding="utf-8"?>
<List xmlns:ows="Microsoft SharePoint" Title="WFMTicketsListDefinition" FolderCreation="FALSE" Direction="$Resources:Direction;" Url="Lists/WFM-WFMTicketsListDefinition" BaseType="0" xmlns="http://schemas.microsoft.com/sharepoint/">
  <MetaData>
    <ContentTypes>
      <ContentType ID="0x010066a6420e5a1d4f5dba8d72c2a679a661" Name="WFMTicketsCT" Group="WFM Ticketing" Description="WFM Ticket Content Type" Inherits="FALSE" Version="0" Overwrite="TRUE">
        <FieldRefs>
          <FieldRef ID="{15A37F08-2554-4DD8-ADB6-965CBEA744C8}" Name="TicketNumber" DisplayName="Ticket #"/>
          <FieldRef ID="{A569696A-22FE-4E13-A1F4-1C52D8B46CC1}" Name="RequestType" DisplayName="Request Type" />
          <FieldRef ID="{815A48A7-5254-4BBA-904A-9AA7C9765AAF}" Name="EventDate" DisplayName="Event Date" />
          <FieldRef ID="{E17AAAA5-2EAA-40A5-A05F-12E29459421B}" Name="WFMName" DisplayName="WFM Team Member Name" />
          <FieldRef ID="{A401D9F9-685E-4813-958B-5E1E6E7F47A1}" Name="WFMACF2ID" DisplayName="WFM ACF2" />
          <FieldRef ID="{56BFA109-0B7A-46D7-BD4D-E136E05C28A0}" Name="WFMNYLUID" DisplayName="WFM NYLUID" />
          <FieldRef ID="{C79AB81F-13AF-4852-BD54-457F3B81C668}" Name="WFMEmailID" DisplayName="WFM Email" />
          <FieldRef ID="{F443E8B3-C978-4BDA-95B3-745FEDA25FFF}" Name="CCManagerEmail" DisplayName="CC Manager Email" />
          <FieldRef ID="{CDDCE933-2AD0-4485-A2DC-7ADDC8D800FB}" Name="Comments" DisplayName="Comments" />
          <FieldRef ID="{3C02EE83-07FD-4BDA-8D3D-EE0459EF98BE}" Name="Notes" DisplayName="WFM Notes" />
          <FieldRef ID="{936417FA-FEC1-410D-9347-04B3102927B6}" Name="Status" DisplayName="Status" />
          <FieldRef ID="{15A37F09-2554-4DD8-ADB6-965CBEA744C8}" Name="DaysOld" DisplayName="Days Old"/>
          <FieldRef ID="{fa564e0f-0c70-4ab9-b863-0177e6ddd247}" Name="Title" DisplayName="Title" Required="FALSE" Hidden="TRUE" />
          <FieldRef ID="{5EB5C169-8E19-40CC-BE8B-FBB093925ACD}" Name="SubmittedDate" DisplayName="Submitted Date" />
          <FieldRef ID="{A64836CA-8055-4B0A-99FF-DE6E00CCA291}" Name="NotesDisplay" DisplayName="WFM Notes" />
          <FieldRef ID="{42CD8D3D-E68A-46ED-A262-E715CA02A358}" Name="CommentsDisplay" DisplayName="Comments" />
          <FieldRef ID="{71AC5D4A-ECCD-4628-8FF0-75366F0879E8}" Name="AgentACF2ID" DisplayName="AgentACF2ID" />
          <FieldRef ID="{EC681ADC-F7D9-40F0-BDA1-260E34A57831}" Name="ManagerACF2ID" DisplayName="ManagerACF2ID" />
        </FieldRefs>
      </ContentType>
    </ContentTypes>
    <Fields>
      <Field ID="{15A37F08-2554-4DD8-ADB6-965CBEA744C8}" Name="TicketNumber" DisplayName="Ticket #" Type="Text" Indexed="TRUE"/>
      <Field ID="{a569696a-22fe-4e13-a1f4-1c52d8b46cc1}" Name="RequestType" Type="Lookup" DisplayName="Request Type" List="Lists/RequestType" ShowField="Title" Required="TRUE" />
      <Field ID="{815A48A7-5254-4BBA-904A-9AA7C9765AAF}" Name="EventDate" DisplayName="Event Date" Type ="DateTime" Format="DateOnly" Required="TRUE"/>
      <Field ID="{E17AAAA5-2EAA-40A5-A05F-12E29459421B}" Name="WFMName" DisplayName="WFM Team Member Name" Type="Text" />
      <Field ID="{A401D9F9-685E-4813-958B-5E1E6E7F47A1}" Name="WFMACF2ID" DisplayName="WFM ACF2" Type="Text" Indexed="TRUE"/>
      <Field ID="{56BFA109-0B7A-46D7-BD4D-E136E05C28A0}" Name="WFMNYLUID" DisplayName="WFM NYLUID" Type="Text" />
      <Field ID="{C79AB81F-13AF-4852-BD54-457F3B81C668}" Name="WFMEmailID" DisplayName="WFM Email" Type="Text" />
      <Field ID="{F443E8B3-C978-4BDA-95B3-745FEDA25FFF}" Name="CCManagerEmail" DisplayName="CC Manager Email" Type="Text" />
      <Field ID="{cddce933-2ad0-4485-a2dc-7addc8d800fb}" Name="Comments" DisplayName="Comments" Type="Note" RichText="FALSE" NumLines="10"  Required="FALSE" />
      <Field ID="{3C02EE83-07FD-4BDA-8D3D-EE0459EF98BE}" Name="Notes" DisplayName="WFM Notes" Type="Note" RichText="FALSE" NumLines="10"  />
      <Field ID="{936417FA-FEC1-410D-9347-04B3102927B6}" Type="Choice" Name="Status" DisplayName="Status" ShowInDisplayForm="TRUE" ShowInNewForm="TRUE" ShowInEditForm="TRUE" Required="TRUE" Indexed="TRUE">
        <CHOICES>
          <CHOICE>Open</CHOICE>
          <CHOICE>Approved</CHOICE>
          <CHOICE>Denied</CHOICE>
        </CHOICES>
        <Default>Open</Default>
      </Field>
      <Field ID="{15A37F09-2554-4DD8-ADB6-965CBEA744C8}" Name="DaysOld" DisplayName="Days Old" Type="Text" />
      <Field ID="{fa564e0f-0c70-4ab9-b863-0177e6ddd247}" Name="Title" DisplayName="Title" Required="FALSE" Hidden="TRUE" Type="Text"  />
      <Field ID="{5EB5C169-8E19-40CC-BE8B-FBB093925ACD}" Name="SubmittedDate" DisplayName="Submitted Date" Type="Calculated" ResultType="DateTime" Format="DateOnly">
        <Formula>=[Created]</Formula>
        <FieldRefs>
          <FieldRef Name="Created" ID="{8c06beca-0777-48f7-91c7-6da68bc07b69}"></FieldRef>
        </FieldRefs>
      </Field>
      <Field ID="{A64836CA-8055-4B0A-99FF-DE6E00CCA291}" Name="NotesDisplay" DisplayName="WFM Notes" Type="Text" ShowInDisplayForm="FALSE" ShowInEditForm="FALSE" ShowInNewForm="FALSE" />
      <Field ID="{42CD8D3D-E68A-46ED-A262-E715CA02A358}" Name="CommentsDisplay" DisplayName="Comments" Type="Text" ShowInDisplayForm="FALSE" ShowInEditForm="FALSE" ShowInNewForm="FALSE" />
      <Field ID="{71AC5D4A-ECCD-4628-8FF0-75366F0879E8}" Name="AgentACF2ID" DisplayName="AgentACF2ID" Type="Text" ShowInDisplayForm="FALSE" ShowInEditForm="FALSE" ShowInNewForm="FALSE" Indexed="TRUE" />
      <Field ID="{EC681ADC-F7D9-40F0-BDA1-260E34A57831}" Name="ManagerACF2ID" DisplayName="ManagerACF2ID" Type="Text" ShowInDisplayForm="FALSE" ShowInEditForm="FALSE" ShowInNewForm="FALSE" Indexed="TRUE"/>
      <Field ID="{8c06beca-0777-48f7-91c7-6da68bc07b69}" Name="Created" Indexed="TRUE" Type="DateTime"/>
      <Field ID="{28cf69c5-fa48-462a-b5cd-27b6f9d2bd5f}" Name="Modified" Indexed="TRUE" Type="DateTime"/>
      <Field ID="{1df5e554-ec7e-46a6-901d-d85a3881cb18}" Name="Author" Indexed="TRUE" Type="User"/>
    </Fields>
    <Views>
      <View BaseViewID="0" Type="HTML" MobileView="TRUE" TabularView="FALSE">
        <Toolbar Type="Standard" />
        <XslLink Default="TRUE">main.xsl</XslLink>
        <RowLimit Paged="TRUE">30</RowLimit>
        <ViewFields>
          <FieldRef Name="LinkTitleNoMenu"></FieldRef>
        </ViewFields>
        <Query>
          <OrderBy>
            <FieldRef Name="Modified" Ascending="FALSE">
            </FieldRef>
          </OrderBy>
        </Query>
        <ParameterBindings>
          <ParameterBinding Name="AddNewAnnouncement" Location="Resource(wss,addnewitem)" />
          <ParameterBinding Name="NoAnnouncements" Location="Resource(wss,noXinviewofY_LIST)" />
          <ParameterBinding Name="NoAnnouncementsHowTo" Location="Resource(wss,noXinviewofY_ONET_HOME)" />
        </ParameterBindings>
      </View>
      <View BaseViewID="1" Type="HTML" WebPartZoneID="Main" DisplayName="$Resources:core,objectiv_schema_mwsidcamlidC24;" DefaultView="TRUE" MobileView="TRUE" MobileDefaultView="TRUE" SetupPath="pages\viewpage.aspx" ImageUrl="/_layouts/images/generic.png" Url="AllItems.aspx">
        <Toolbar Type="Standard" />
        <XslLink Default="TRUE">main.xsl</XslLink>
        <RowLimit Paged="TRUE">30</RowLimit>
        <ViewFields>
          <!--<FieldRef Name="Attachments"></FieldRef>-->
          <FieldRef Name="RequestType"></FieldRef>
          <FieldRef Name="SubmittedDate"></FieldRef>
          <FieldRef Name="EventDate"></FieldRef>
          <FieldRef Name="WFMName"></FieldRef>
          <FieldRef Name="Comments"></FieldRef>
          <FieldRef Name="Notes"></FieldRef>
          <FieldRef Name="Status"></FieldRef>
        </ViewFields>
        <Query>
          <OrderBy>
            <FieldRef Name="ID">
            </FieldRef>
          </OrderBy>
        </Query>
        <ParameterBindings>
          <ParameterBinding Name="NoAnnouncements" Location="Resource(wss,noXinviewofY_LIST)" />
          <ParameterBinding Name="NoAnnouncementsHowTo" Location="Resource(wss,noXinviewofY_DEFAULT)" />
        </ParameterBindings>
      </View>
    </Views>
    <Forms>
      <Form Type="DisplayForm" Url="DispForm.aspx" SetupPath="pages\form.aspx" WebPartZoneID="Main" />
      <Form Type="EditForm" Url="EditForm.aspx" SetupPath="pages\form.aspx" WebPartZoneID="Main" />
      <Form Type="NewForm" Url="NewForm.aspx" SetupPath="pages\form.aspx" WebPartZoneID="Main" />
    </Forms>
  </MetaData>
</List>
